145,AA-222-LAX-BOS,7:31 AM,3:14 PM
1138,UA-3373-IAD-PHL,8:37 AM,9:13 AM
1141,UA-3373-IAD-PHL,8:26 PM,9:13 AM
2064,AA-85-JFK-SFO,3:09 PM,6:43 PM
825,AA-3823-LAX-DEN,9:06 PM,11:49 PM
486,AA-1279-DFW-PHX,2:04 PM,3:13 PM
1601,AA-4344-ORD-DTW,12:14 PM,2:01 PM
1701,AA-3786-IAH-ORD,4:12 PM,6:09 PM
261,UA-1500-IAH-GUA,,
1521,AA-400-DFW-JFK,11:02 AM,2:58 PM
1355,AA-2312-DFW-DTW,8:29 PM,11:35 PM
1350,AA-3809-PHX-LAX,,
183,AA-3468-CVG-MIA,7:25 AM,9:45 AM
1401,AA-1165-JFK-MIA,7:23 AM,9:45 AM
1091,UA-414-LAX-SFO,6:10 AM,7:04 AM
158,AA-222-LAX-BOS,,
1213,CO-16-LAX-EWR,,
2009,AA-431-MIA-SFO,8:52 AM,11:44 AM
944,AA-4198-ORD-CLE,10:55 AM,12:37 PM
1991,AA-3-JFK-LAX,12:12 PM,3:09 PM
334,UA-3050-PHX-CLT,11:30 AM,5:05 PM
2255,UA-2704-DTW-PHX,11:47 AM,1:52 PM
1201,AA-1664-MIA-ATL,10:19 AM,11:50 AM
50,AA-649-ORD-SNA,1:41 PM,3:29 PM
1676,CO-45-EWR-MIA,3:58 PM,6:36 PM
880,AA-3804-PHL-ORD,2:44 PM,3:36 PM
68,AA-649-ORD-SNA,,
718,AA-2050-ORD-MIA,11:06 AM,2:39 PM
1183,AA-1664-MIA-ATL,10:18 AM,11:56 AM
1797,AA-404-MIA-MCO,6:58 AM,7:37 AM
1499,AA-1434-DFW-MCO,7:21 AM,10:29 AM
2091,AA-4307-ORD-DTW,6:40 PM,8:53 PM
137,AA-222-LAX-BOS,7:32 AM,3:12 PM
230,AA-518-MIA-JFK,6:54 AM,9:28 AM
2050,AA-85-JFK-SFO,3:36 PM,6:30 PM
2301,AA-1733-ORD-PHX,7:59 PM,
407,CO-1023-IAH-DEN,12:06 PM,1:14 PM
2322,CO-1090-BOS-IAH,,
1273,CO-1694-LAX-IAH,,
2303,AA-1733-ORD-PHX,7:59 PM,
1278,CO-1694-LAX-IAH,7:15 PM,12:21 AM
2304,AA-1733-ORD-PHX,7:59 PM,
878,AA-3804-PHL-ORD,2:44 PM,3:36 PM
412,CO-1023-IAH-DEN,11:56 AM,1:14 PM
2095,AA-4307-ORD-DTW,6:40 PM,8:53 PM
2131,AA-204-LAX-MCO,11:57 PM,6:55 AM
1659,AA-446-DFW-PHL,11:54 AM,4:09 PM
1059,AA-1221-MCO-ORD,,
1683,CO-45-EWR-MIA,4:15 PM,6:36 PM
1522,AA-400-DFW-JFK,11:02 AM,2:58 PM
1216,CO-16-LAX-EWR,10:20 AM,6:34 PM
1899,UA-3515-IAD-MSP,8:26 AM,9:56 AM
572,UA-2830-MCO-CLT,,Dec 01 - Contact Airline
362,UA-3099-PHX-PHL,11:55 AM,6:17 PM
1861,UA-858-PVG-SFO,12:45 AM,7:58 AM
1247,AA-484-DFW-MIA,4:30 PM,7:39 PM
2148,AA-204-LAX-MCO,,6:50 AM
1906,UA-3515-IAD-MSP,8:26 AM,9:54 AM
1135,UA-3373-IAD-PHL,8:37 AM,9:13 AM
1894,UA-3515-IAD-MSP,8:12 AM,9:56 AM
2445,CO-52-IAH-LAX,7:56 AM,9:09 AM
1795,AA-404-MIA-MCO,6:57 AM,7:40 AM
2000,AA-431-MIA-SFO,8:51 AM,11:33 AM
2420,AA-1886-BOS-MIA,10:55 AM,1:40 PM
829,AA-3823-LAX-DEN,,
949,AA-4198-ORD-CLE,10:54 AM,12:50 PM
849,AA-2957-DFW-CVG,8:04 AM,11:01 AM
281,AA-1640-MIA-MCO,6:30 PM,7:25 PM
879,AA-3804-PHL-ORD,2:44 PM,3:36 PM
331,UA-3050-PHX-CLT,11:30 AM,5:05 PM
2284,AA-1733-ORD-PHX,7:59 PM,10:30 PM
2375,UA-828-SFO-ORD,,
1366,AA-2312-DFW-DTW,8:29 PM,11:35 PM
1950,CO-58-DEN-IAH,,
253,AA-1007-MIA-PHX,5:09 PM,7:53 PM
1855,UA-858-PVG-SFO,1:32 PM,8:02 AM
14,UA-2708-EWR-CLT,3:04 PM,4:24 PM
591,UA-2515-DFW-CLT,7:31 AM,10:45 AM
2123,AA-3979-CVG-ORD,7:28 AM,8:06 AM
1483,AA-4330-CVG-ORD,3:36 PM,3:25 PM
339,UA-3050-PHX-CLT,11:30 AM,5:05 PM
555,UA-2830-MCO-CLT,3:27 PM,5:17 PM
1405,AA-1165-JFK-MIA,7:23 AM,9:45 AM
406,CO-1023-IAH-DEN,12:06 PM,1:14 PM
338,UA-3050-PHX-CLT,11:30 AM,5:05 PM
2240,AA-1917-JFK-MCO,3:27 PM,5:43 PM
2314,AA-1733-ORD-PHX,,
455,UA-5487-SFO-MRY,,
1480,AA-4330-CVG-ORD,3:36 PM,3:33 PM
2211,AA-616-DFW-DTW,10:10 AM,1:27 PM
79,UA-382-IAD-LAX,12:56 PM,3:09 PM
1015,CO-1250-MIA-IAH,,
2124,AA-204-LAX-MCO,,
927,UA-6273-YYC-SFO,7:27 AM,8:45 AM
850,AA-2957-DFW-CVG,8:04 AM,11:01 AM
2016,AA-431-MIA-SFO,8:52 AM,11:39 AM
1705,AA-3786-IAH-ORD,4:12 PM,6:09 PM
2047,AA-85-JFK-SFO,3:38 PM,6:30 PM
785,AA-59-JFK-SFO,,
1210,CO-16-LAX-EWR,,
262,UA-1500-IAH-GUA,,
2110,AA-3979-CVG-ORD,8:04 AM,8:06 AM
410,CO-1023-IAH-DEN,12:06 PM,1:14 PM
2136,AA-204-LAX-MCO,11:29 PM,6:35 AM
1805,AA-404-MIA-MCO,6:57 AM,7:40 AM
961,AA-4198-ORD-CLE,10:35 AM,12:50 PM
965,AA-4198-ORD-CLE,10:55 AM,12:48 PM
300,AA-1640-MIA-MCO,,
2393,UA-37-EWR-MCO,2:01 PM,4:06 PM
666,CO-4888-IAH-DAL,,
498,AA-1279-DFW-PHX,2:04 PM,3:19 PM
789,AA-59-JFK-SFO,7:39 AM,10:52 AM
543,UA-2906-PHL-MCO,4:28 PM,6:38 PM
318,UA-37-EDI-EWR,8:52 AM,12:09 PM
298,AA-1640-MIA-MCO,,2011-12-01 Thu  19:33
1651,AA-446-DFW-PHL,12:12 PM,4:09 PM
603,AA-789-ORD-DEN,1:19 PM,2:49 PM
1806,AA-404-MIA-MCO,6:57 AM,7:40 AM
237,AA-1007-MIA-PHX,5:08 PM,7:55 PM
1468,AA-4330-CVG-ORD,3:36 PM,3:26 PM
302,AA-1640-MIA-MCO,6:56 PM,7:35 PM
30,UA-3925-IAD-ORF,8:42 AM,9:43 AM
1526,AA-400-DFW-JFK,11:01 AM,3:04 PM
1319,UA-2726-FLL-PHL,4:10 PM,6:25 PM
468,CO-1614-LAX-IAH,12:58 AM,5:26 AM
2275,AA-1733-ORD-PHX,7:58 PM,
675,CO-4888-IAH-DAL,,
1715,UA-233-LAX-JFK,4:25 PM,12:29 AM
751,CO-62-IAH-EWR,2:59 PM,7:10 PM
827,AA-3823-LAX-DEN,,
249,AA-1007-MIA-PHX,5:08 PM,7:55 PM
822,AA-3823-LAX-DEN,,
788,AA-59-JFK-SFO,7:14 AM,11:12 AM
2036,CO-1586-IAH-MCO,7:42 PM,10:29 AM
1364,AA-2312-DFW-DTW,8:29 PM,11:35 PM
71,UA-382-IAD-LAX,12:35 PM,3:11 PM
1090,UA-414-LAX-SFO,6:09 AM,7:04 AM
111,UA-382-IAD-LAX,12:56 PM,3:20 PM
1062,AA-1221-MCO-ORD,8:01 PM,9:53 PM
1934,CO-63-EWR-IAH,5:38 PM,7:43 PM
1517,AA-1434-DFW-MCO,7:21 AM,10:29 AM
1227,CO-16-LAX-EWR,10:20 AM,6:34 PM
2268,UA-2704-DTW-PHX,11:47 AM,2:02 PM
517,AA-466-IAH-MIA,6:08 AM,9:05 AM
170,AA-3468-CVG-MIA,7:25 AM,9:45 AM
1382,CO-1088-CLE-IAH,,
1618,UA-257-JFK-SFO,2:42 PM,5:27 PM
2246,AA-1917-JFK-MCO,3:28 PM,5:34 PM
1916,UA-854-SFO-IAH,7:49 AM,1:30 PM
1220,CO-16-LAX-EWR,10:37 AM,6:34 PM
316,UA-37-EDI-EWR,9:05 AM,12:09 PM
1223,CO-16-LAX-EWR,10:37 AM,6:34 PM
2242,AA-1917-JFK-MCO,3:28 PM,5:34 PM
633,UA-62-IAH-EWR,2:48 PM,7:10 PM
551,UA-2906-PHL-MCO,4:28 PM,6:38 PM
1599,AA-4344-ORD-DTW,12:13 PM,2:10 PM
77,UA-382-IAD-LAX,12:56 PM,3:09 PM
1563,AA-643-MIA-ORD,7:10 AM,9:31 AM
1344,AA-3809-PHX-LAX,6:11 AM,6:19 AM
2168,AA-4277-CVG-JFK,12:11 PM,1:43 PM
41,UA-3925-IAD-ORF,,
1072,AA-271-MIA-LAX,11:52 AM,2:27 PM
1122,CO-47-IAH-LAX,8:25 PM,8:46 PM
2364,UA-828-SFO-ORD,,
1397,CO-1088-CLE-IAH,8:40 AM,10:56 AM
1422,AA-1165-JFK-MIA,7:23 AM,9:56 AM
814,AA-3823-LAX-DEN,,
610,AA-789-ORD-DEN,1:19 PM,3:13 PM
2019,AA-431-MIA-SFO,8:31 AM,11:44 AM
956,AA-4198-ORD-CLE,10:55 AM,12:48 PM
1859,UA-858-PVG-SFO,1:45 PM,8:02 AM
2371,UA-828-SFO-ORD,,
9,UA-2708-EWR-CLT,2:52 PM,4:44 PM
2254,UA-2704-DTW-PHX,11:47 AM,1:52 PM
1941,CO-63-EWR-IAH,5:38 PM,8:03 PM
583,UA-2515-DFW-CLT,7:07 AM,10:47 AM
1347,AA-3809-PHX-LAX,5:56 AM,6:19 AM
844,AA-2957-DFW-CVG,8:04 AM,10:58 AM
2006,AA-431-MIA-SFO,8:51 AM,11:44 AM
1006,AA-2268-PHX-ORD,7:23 AM,11:07 AM
1333,AA-3809-PHX-LAX,6:10 AM,6:09 AM
1221,CO-16-LAX-EWR,10:37 AM,6:34 PM
1244,AA-484-DFW-MIA,4:30 PM,7:39 PM
694,UA-248-PHX-ORD,1:32 PM,5:34 PM
496,AA-1279-DFW-PHX,2:04 PM,3:19 PM
1125,CO-47-IAH-LAX,8:36 PM,9:38 PM
2022,CO-1586-IAH-MCO,7:41 PM,10:22 PM
1004,AA-2268-PHX-ORD,7:23 AM,11:07 AM
1869,UA-2314-ATL-PHL,3:04 PM,4:43 PM
1609,AA-4344-ORD-DTW,,
348,UA-3099-PHX-PHL,11:55 AM,5:38 PM
296,AA-1640-MIA-MCO,,
225,AA-518-MIA-JFK,6:54 AM,9:28 AM
1893,UA-3515-IAD-MSP,8:12 AM,9:56 AM
205,AA-3842-MSP-ORD,6:56 AM,7:51 AM
1169,AA-2525-DFW-MIA,7:39 AM,11:06 AM
1066,AA-271-MIA-LAX,11:52 AM,2:21 PM
2140,AA-204-LAX-MCO,,
246,AA-1007-MIA-PHX,5:08 PM,7:55 PM
1205,AA-1664-MIA-ATL,10:19 AM,11:50 AM
919,UA-664-ORD-PHL,1:48 PM,4:18 PM
176,AA-3468-CVG-MIA,7:25 AM,9:45 AM
810,CO-50-CLE-EWR,3:31 PM,5:26 PM
1933,CO-63-EWR-IAH,5:38 PM,7:43 PM
399,CO-1023-IAH-DEN,12:06 PM,1:07 PM
2297,AA-1733-ORD-PHX,7:59 PM,
286,AA-1640-MIA-MCO,6:47 PM,7:25 PM
1390,CO-1088-CLE-IAH,9:01 AM,10:56 AM
2442,CO-52-IAH-LAX,7:56 AM,9:09 AM
223,AA-518-MIA-JFK,6:54 AM,9:28 AM
477,CO-1614-LAX-IAH,12:41 AM,5:26 AM
2183,AA-3756-ORD-SLC,12:42 PM,2:40 PM
1294,CO-1561-PHX-IAH,8:18 AM,11:32 AM
1114,CO-47-IAH-LAX,,
1328,AA-3809-PHX-LAX,6:11 AM,6:15 AM
2204,AA-616-DFW-DTW,10:11 AM,1:11 PM
532,UA-2906-PHL-MCO,4:44 PM,6:28 PM
817,AA-3823-LAX-DEN,9:06 PM,11:49 PM
1981,AA-3-JFK-LAX,12:11 PM,3:16 PM
1426,AA-415-BOS-ORD,8:55 AM,10:12 AM
2117,AA-3979-CVG-ORD,8:04 AM,7:57 AM
1432,AA-415-BOS-ORD,8:56 AM,10:16 AM
488,AA-1279-DFW-PHX,2:04 PM,3:20 PM
1100,UA-414-LAX-SFO,6:10 AM,7:17 AM
2111,AA-3979-CVG-ORD,8:04 AM,8:06 AM
540,UA-2906-PHL-MCO,4:28 PM,6:38 PM
1917,UA-854-SFO-IAH,8:07 AM,1:30 PM
1020,CO-1250-MIA-IAH,3:01 PM,4:59 PM
1226,CO-16-LAX-EWR,,
2438,CO-52-IAH-LAX,7:56 AM,9:09 AM
2043,CO-1586-IAH-MCO,7:14 PM,10:02 AM
773,AA-59-JFK-SFO,7:39 AM,11:12 AM
1335,AA-3809-PHX-LAX,6:10 AM,6:19 AM
2089,AA-4307-ORD-DTW,6:56 PM,8:43 PM
781,AA-59-JFK-SFO,7:40 AM,11:00 AM
2020,AA-431-MIA-SFO,8:52 AM,11:40 AM
1639,AA-446-DFW-PHL,12:12 PM,4:09 PM
1256,CO-1694-LAX-IAH,7:15 PM,12:21 AM
568,UA-2830-MCO-CLT,3:50 PM,5:17 PM
1874,UA-2314-ATL-PHL,2:46 PM,4:47 PM
355,UA-3099-PHX-PHL,11:43 AM,5:38 PM
377,AA-1544-SAN-ORD,11:40 AM,4:56 PM
386,AA-1544-SAN-ORD,11:20 AM,4:56 PM
1182,AA-2525-DFW-MIA,7:39 AM,10:43 AM
1549,AA-643-MIA-ORD,7:31 AM,9:26 AM
1902,UA-3515-IAD-MSP,8:26 AM,9:54 AM
786,AA-59-JFK-SFO,7:39 AM,11:12 AM
1568,UA-843-LAX-ORD,2:10 PM,7:58 PM
1022,CO-1250-MIA-IAH,3:01 PM,4:59 PM
2195,AA-3756-ORD-SLC,12:42 PM,2:52 PM
1127,CO-47-IAH-LAX,8:36 PM,9:38 PM
1923,UA-854-SFO-IAH,8:07 AM,1:30 PM
450,UA-5487-SFO-MRY,10:53 AM,11:21 AM
737,AA-2050-ORD-MIA,,2:46 PM
1809,AA-404-MIA-MCO,6:58 AM,7:32 AM
1975,AA-3-JFK-LAX,12:12 PM,3:04 PM
1021,CO-1250-MIA-IAH,3:01 PM,4:59 PM
393,CO-1023-IAH-DEN,11:56 AM,1:14 PM
1251,AA-484-DFW-MIA,4:16 PM,7:39 PM
405,CO-1023-IAH-DEN,11:56 AM,1:14 PM
2121,AA-3979-CVG-ORD,,
392,AA-1544-SAN-ORD,,
2160,AA-4277-CVG-JFK,12:10 PM,1:43 PM
2396,UA-37-EWR-MCO,1:48 PM,4:17 PM
2283,AA-1733-ORD-PHX,7:59 PM,10:31 PM
1828,CO-1193-EWR-MCO,9:57 AM,12:02 PM
274,UA-1500-IAH-GUA,9:43 AM,12:10 PM
2139,AA-204-LAX-MCO,,
73,UA-382-IAD-LAX,12:55 PM,3:07 PM
1211,CO-16-LAX-EWR,,
853,AA-2957-DFW-CVG,8:05 AM,11:00 AM
2431,CO-52-IAH-LAX,7:56 AM,9:08 AM
2404,UA-37-EWR-MCO,2:01 PM,4:06 PM
896,UA-664-ORD-PHL,1:48 PM,4:20 PM
741,CO-62-IAH-EWR,2:48 PM,7:10 PM
1702,AA-3786-IAH-ORD,4:12 PM,6:09 PM
1230,AA-484-DFW-MIA,4:29 PM,7:39 PM
831,AA-3823-LAX-DEN,,
972,UA-397-JFK-SFO,8:29 AM,11:58 AM
1804,AA-404-MIA-MCO,6:57 AM,7:40 AM
282,AA-1640-MIA-MCO,6:30 PM,7:25 PM
2173,AA-4277-CVG-JFK,,
121,AA-3063-SLC-LAX,8:39 PM,9:20 PM
861,AA-2957-DFW-CVG,,
665,CO-4888-IAH-DAL,,
487,AA-1279-DFW-PHX,2:04 PM,3:20 PM
417,UA-2945-PHL-CLT,12:07 PM,1:11 PM
2346,UA-938-DEN-ORD,4:15 PM,7:36 PM
277,AA-1640-MIA-MCO,6:47 PM,7:25 PM
1058,AA-1221-MCO-ORD,,
1450,CO-89-IAH-EWR,,
1970,AA-3-JFK-LAX,12:12 PM,3:04 PM
380,AA-1544-SAN-ORD,11:41 AM,4:56 PM
222,AA-518-MIA-JFK,6:54 AM,9:28 AM
1430,AA-415-BOS-ORD,8:56 AM,10:16 AM
1553,AA-643-MIA-ORD,7:30 AM,9:31 AM
1018,CO-1250-MIA-IAH,,
1037,AA-1221-MCO-ORD,8:23 PM,9:47 PM
1360,AA-2312-DFW-DTW,8:29 PM,11:35 PM
1016,CO-1250-MIA-IAH,,
